INSERT INTO `user` (`id_user`, `last_name`, `first_name`, `staff`, `login`, `pwd`, `mail`, `type`, `date_registered`, `removed`) VALUES
(1, 'admin', 'admin', 'AD', 'admin', '96e79218965eb72c92a549dd5a330112', 'admin@ggg.com', 'admin', 1308824914, 0);


INSERT INTO `status_name` (`status_id`, `status_name`) VALUES
(1, 'Active'),
(2, 'Inactive'),
(3, 'Info received'),
(4, 'In doc'),
(5, 'Bookmarked'),
(6, 'Date assigned'),
(7, 'Staff'),
(8, 'Missing info'),
(9, 'Ready for review'),
(10, 'Returned for revision'),
(11, 'Reviewed'),
(12, 'Review status'),
(13, 'Collated'),
(14, 'Transmitted');

INSERT INTO `status` (`status_id`, `field_required`, `values`) VALUES
(3, 'date', ''),
(7, 'select', 'RG,MG,MJG,ET,WG,TG,LZ,SP,GG,KE'),
(9, 'date', ''),
(10, 'date', ''),
(11, 'date', ''),
(12, 'date', ''),
(12, 'select', 'projection final,holding,ready to collate'),
(13, 'date', ''),
(14, 'select', 'client, ef');

INSERT INTO `form` (`form_id`, `form_name`, `initial_due_date`, `extension1`, `extension2`) VALUES
(1, '990', 1, 1, 1),
(2, '1041', 1, 1, 0),
(3, '1040', 1, 1, 0),
(4, '1065', 1, 1, 0),
(5, '1120', 1, 1, 0),
(6, '1120S', 1, 1, 0),
(7, '941', 1, 0, 0),
(8, '709', 1, 1, 0),
(9, '940', 1, 0, 0),
(10, '942', 1, 0, 0),
(11, '1098', 0, 1, 0),
(12, '1099', 0, 1, 0),
(13, '1040NR', 1, 1, 0),
(14, '5500', 1, 1, 0),
(15, '8027', 0, 1, 0),
(16, '990PF', 1, 0, 0),
(17, 'IT-201', 1, 1, 0),
(18, 'IT-204LL', 1, 0, 0),
(19, 'IT-205', 1, 1, 0),
(20, 'NYCCRA', 1, 0, 0),
(21, 'NYS45', 1, 0, 0),
(22, 'ST100', 1, 0, 0),
(23, 'ST101', 1, 0, 0),
(24, 'ST809', 1, 0, 0),
(25, 'ST810', 1, 0, 0);

INSERT INTO `form_initial_date` (`form_id`, `initial_date`, `type`) VALUES
(1, '5/15', 'init'),
(1, '8/15', 'ext1'),
(1, '11/15', 'ext2'),
(2, '4/15', 'init'),
(2, '9/15', 'ext1'),
(3, '4/15', 'init'),
(3, '10/15', 'ext1'),
(4, '4/15', 'init'),
(4, '9/15', 'ext1'),
(5, '3/15', 'init'),
(5, '9/15', 'ext1'),
(6, '3/15', 'init'),
(6, '9/15', 'ext1'),
(7, '4/30', 'init'),
(7, '7/31', 'init'),
(7, '10/31', 'init'),
(7, '1/31', 'init'),
(8, '4/15', 'init'),
(8, '10/15', 'ext1'),
(9, '1/15', 'init'),
(10, '1/31', 'init'),
(10, '4/31', 'init'),
(10, '7/31', 'init'),
(10, '10/31', 'init'),
(11, '2/28', 'ext1'),
(11, '3/31', 'ext1'),
(12, '2/28', 'ext1'),
(12, '3/31', 'ext1'),
(13, '4/15', 'init'),
(13, '10/15', 'ext1'),
(14, '7/15', 'init'),
(14, '10/15', 'ext1'),
(15, '2/28', 'ext1'),
(15, '3/31', 'ext1'),
(17, '4/15', 'init'),
(17, '10/15', 'ext1'),
(18, '1/31', 'init'),
(19, '7/15', 'init'),
(19, '10/15', 'ext1'),
(20, '6/20', 'init'),
(21, '1/31', 'init'),
(21, '4/31', 'init'),
(21, '7/31', 'init'),
(21, '10/31', 'init'),
(22, '3/20', 'init'),
(22, '6/20', 'init'),
(22, '9/20', 'init'),
(22, '12/20', 'init'),
(23, '3/20', 'init'),
(24, '1/20', 'init'),
(24, '2/20', 'init'),
(24, '3/20', 'init'),
(24, '4/20', 'init'),
(24, '5/20', 'init'),
(24, '6/20', 'init'),
(24, '7/20', 'init'),
(24, '8/20', 'init'),
(24, '9/20', 'init'),
(24, '10/20', 'init'),
(24, '11/20', 'init'),
(24, '12/20', 'init'),
(25, '3/20', 'init'),
(25, '6/20', 'init'),
(25, '9/20', 'init'),
(25, '12/20', 'init');